paper_id,year,is_primary,primary_topic,all_topics,topic_score,confidence,title,authors,n_authors,pages,has_abstract,pdf_url,supp_url,detail_url,abstract,bibtex
Li_White-Balance_First_Adjust_Later_Cross-Camera_Color_Constancy_via_Vision-Language_Evaluation_CVPR_2026_paper,2026,0,Vision_Language_Multimodal,Vision_Language_Multimodal|Computational_Photography,21.0,0.143,"White-Balance First, Adjust Later: Cross-Camera Color Constancy via Vision-Language Evaluation",Shuwei Li; Lei Tan; Robby T. Tan,3,1331-1341,True,https://openaccess.thecvf.com/content/CVPR2026/papers/Li_White-Balance_First_Adjust_Later_Cross-Camera_Color_Constancy_via_Vision-Language_Evaluation_CVPR_2026_paper.pdf,,https://openaccess.thecvf.com/content/CVPR2026/html/Li_White-Balance_First_Adjust_Later_Cross-Camera_Color_Constancy_via_Vision-Language_Evaluation_CVPR_2026_paper.html,"Color constancy aims to keep object colors consistent under varying illumination. Cross-camera generalization in color constancy remains challenging because learning-based models often overfit to the color response characteristics of the training camera, resulting in degraded performance on images captured by other cameras. We propose VLM-CC, a feedback-guided framework that formulates color constancy as an iterative refinement process. Instead of directly estimating the illuminant from raw input, VLM-CC performs iterative correction driven by vision-language model (VLM)-based evaluation. At each iteration, the image is white-balanced using the current estimate and converted to pseudo-sRGB. A lightweight LoRA-tuned VLM then assesses the corrected image, identifying the dominant residual color cast and providing qualitative feedback. This feedback is mapped to a residual illumination direction (red, green, or blue) and used to update the illuminant estimate until convergence. Our key idea is to reframe color constancy as an iterative perceptual feedback problem, leveraging VLM evaluation instead of direct RGB regression. By replacing direct RGB estimation with VLM-guided perceptual feedback, VLM-CC achieves state-of-the-art robustness in cross-camera color constancy across multiple datasets.","@InProceedings{Li_2026_CVPR, author = {Li, Shuwei and Tan, Lei and Tan, Robby T.}, title = {White-Balance First, Adjust Later: Cross-Camera Color Constancy via Vision-Language Evaluation}, booktitle = {Proceedings of the IEEE/CVF Conference on Computer Vision and Pattern Recognition (CVPR)}, month = {June}, year = {2026}, pages = {1331-1341} }"
Wang_From_Events_to_Clarity_The_Event-Guided_Diffusion_Framework_for_Dehazing_CVPR_2026_paper,2026,0,Restoration_Enhancement,Restoration_Enhancement|Computational_Photography,15.0,0.4,From Events to Clarity: The Event-Guided Diffusion Framework for Dehazing,Ling Wang; Yunfan Lu; Wenzong Ma; Huizai Yao; Pengteng Li; Hui Xiong,6,34028-34039,True,https://openaccess.thecvf.com/content/CVPR2026/papers/Wang_From_Events_to_Clarity_The_Event-Guided_Diffusion_Framework_for_Dehazing_CVPR_2026_paper.pdf,https://openaccess.thecvf.com/content/CVPR2026/supplemental/Wang_From_Events_to_CVPR_2026_supplemental.pdf,https://openaccess.thecvf.com/content/CVPR2026/html/Wang_From_Events_to_Clarity_The_Event-Guided_Diffusion_Framework_for_Dehazing_CVPR_2026_paper.html,"Clear imaging under hazy conditions is a critical task. Prior-based and neural methods have improved results. However, they operate on RGB frames, which suffer from limited dynamic range. Therefore, dehazing remains ill- posed and can erase structure and illumination details. To address this, we use event cameras for dehazing for the first time. Event cameras offer much higher HDR (120dB vs. 60dB) and microsecond latency, therefore they suit hazy scenes. In practice, transferring HDR cues from events to frames is hard because real paired data are scarce. To tackle this, we propose an event-guided diffusion model that utilizes the strong generative priors of diffusion mod- els to reconstruct clear images from hazy inputs by effec- tively transferring HDR information from events. Specifi- cally, we design an event-guided module that maps sparse HDR event features, e.g., edges, corners, into the diffusion latent space. This clear conditioning provides precise struc- tural guidance during generation, improves visual realism, and reduces semantic drift. For real-world evaluation, we collect a drone dataset in heavy haze (AQI = 341) with synchronized RGB and event sensors. Experiments on two benchmarks and our dataset achieve state-of-the-art results.","@InProceedings{Wang_2026_CVPR, author = {Wang, Ling and Lu, Yunfan and Ma, Wenzong and Yao, Huizai and Li, Pengteng and Xiong, Hui}, title = {From Events to Clarity: The Event-Guided Diffusion Framework for Dehazing}, booktitle = {Proceedings of the IEEE/CVF Conference on Computer Vision and Pattern Recognition (CVPR)}, month = {June}, year = {2026}, pages = {34028-34039} }"
Deutsch_PPISP_Physically-Plausible_Compensation_and_Control_of_Photometric_Variations_in_Radiance_CVPR_2026_paper,2026,1,Computational_Photography,Computational_Photography|Neural_Rendering_NeRF_3DGS,12.0,0.25,PPISP: Physically-Plausible Compensation and Control of Photometric Variations in Radiance Field Reconstruction,Isaac Deutsch; Nicolas Moënne-Loccoz; Gavriel State; Zan Gojcic,4,7289-7298,True,https://openaccess.thecvf.com/content/CVPR2026/papers/Deutsch_PPISP_Physically-Plausible_Compensation_and_Control_of_Photometric_Variations_in_Radiance_CVPR_2026_paper.pdf,https://openaccess.thecvf.com/content/CVPR2026/supplemental/Deutsch_PPISP_Physically-Plausible_Compensation_CVPR_2026_supplemental.zip,https://openaccess.thecvf.com/content/CVPR2026/html/Deutsch_PPISP_Physically-Plausible_Compensation_and_Control_of_Photometric_Variations_in_Radiance_CVPR_2026_paper.html,"Multi-view 3D reconstruction methods remain highly sensitive to photometric inconsistencies arising from camera optical characteristics and variations in image signal processing (ISP). Existing mitigation strategies such as per-frame latent variables or affine color corrections lack physical grounding and generalize poorly to novel views. We propose the Physically-Plausible ISP (PPISP) correction module, which disentangles camera-intrinsic and capture-dependent effects through physically based and interpretable transformations. A dedicated PPISP controller, trained on the input views, predicts ISP parameters for novel viewpoints, analogous to auto exposure and auto white balance in real cameras. This design enables realistic and fair evaluation on novel views without access to ground-truth images. PPISP achieves SotA performance on standard benchmarks, while providing intuitive control and supporting the integration of metadata when available. The source code is available at: https://github.com/nv-tlabs/ppisp","@InProceedings{Deutsch_2026_CVPR, author = {Deutsch, Isaac and Mo\""enne-Loccoz, Nicolas and State, Gavriel and Gojcic, Zan}, title = {PPISP: Physically-Plausible Compensation and Control of Photometric Variations in Radiance Field Reconstruction}, booktitle = {Proceedings of the IEEE/CVF Conference on Computer Vision and Pattern Recognition (CVPR)}, month = {June}, year = {2026}, pages = {7289-7298} }"
Xiang_Event_Structural_Valley_A_Unified_Theoretical_and_Practical_Framework_for_CVPR_2026_paper,2026,1,Computational_Photography,Computational_Photography,5.0,0.0,Event Structural Valley: A Unified Theoretical and Practical Framework for Event Camera Autofocus,Xijie Xiang; Lin Zhu; Wei Zhang; Yonghong Tian,4,936-945,True,https://openaccess.thecvf.com/content/CVPR2026/papers/Xiang_Event_Structural_Valley_A_Unified_Theoretical_and_Practical_Framework_for_CVPR_2026_paper.pdf,https://openaccess.thecvf.com/content/CVPR2026/supplemental/Xiang_Event_Structural_Valley_CVPR_2026_supplemental.pdf,https://openaccess.thecvf.com/content/CVPR2026/html/Xiang_Event_Structural_Valley_A_Unified_Theoretical_and_Practical_Framework_for_CVPR_2026_paper.html,"Autofocus in dynamic environments remains challenging for conventional frame-based sensors, which often fail under fast motion, low light, or high dynamic range conditions. Event cameras, with microsecond temporal resolution and asynchronous brightness detection, offer a promising alternative. However, typical event-based autofocus methods assume that the sharpest focus corresponds to the maximum event rate. In this paper, we reveal a counterintuitive yet consistent phenomenon: the true focus actually corresponds to a local minimum in the event-rate curve. We theoretically derive this behavior from the physics of event generation and show that as defocus blur increases, the event rate first rises and then declines, forming a dual-peak-valley structure across focal distances. Based on this insight, we propose an Event Structural Valley-based Autofocus (ESVA) framework that identifies the valley between two dominant peaks as the true focal position. ESVA integrates structural smoothing, consistency filtering, and a dual-peak constraint to robustly recover the valley under noise and motion disturbances. Extensive experiments on multiple synthetic and real-world datasets demonstrate that ESVA delivers accurate and stable focus estimation, consistently outperforming existing event-only autofocus methods without requiring image reconstruction or supervision.","@InProceedings{Xiang_2026_CVPR, author = {Xiang, Xijie and Zhu, Lin and Zhang, Wei and Tian, Yonghong}, title = {Event Structural Valley: A Unified Theoretical and Practical Framework for Event Camera Autofocus}, booktitle = {Proceedings of the IEEE/CVF Conference on Computer Vision and Pattern Recognition (CVPR)}, month = {June}, year = {2026}, pages = {936-945} }"
Yuan_HDR-VLM_HDR-Domain_Adaptation_of_VLMs_and_Preference-Aligned_Quality_Assessment_for_CVPR_2026_paper,2026,1,Computational_Photography,Computational_Photography|Vision_Language_Multimodal,36.0,0.167,HDR-VLM: HDR-Domain Adaptation of VLMs and Preference-Aligned Quality Assessment for HDR Video Color Grading,Hao Yuan; Jiabin Zhang; Yajing Wu; Ruixuan Pang; Jing Li,5,40792-40801,True,https://openaccess.thecvf.com/content/CVPR2026/papers/Yuan_HDR-VLM_HDR-Domain_Adaptation_of_VLMs_and_Preference-Aligned_Quality_Assessment_for_CVPR_2026_paper.pdf,https://openaccess.thecvf.com/content/CVPR2026/supplemental/Yuan_HDR-VLM_HDR-Domain_Adaptation_CVPR_2026_supplemental.zip,https://openaccess.thecvf.com/content/CVPR2026/html/Yuan_HDR-VLM_HDR-Domain_Adaptation_of_VLMs_and_Preference-Aligned_Quality_Assessment_for_CVPR_2026_paper.html,"Color grading is central to High Dynamic Range (HDR) video production, shaping the perceptual tone, contrast, and luminance of content across diverse displays. However, evaluating HDR color grading quality is particularly difficult due to its semantic, content-dependent nature and the lack of large-scale annotated data. While pre-trained Vision-Language Models (VLMs) offer strong semantic priors and generalization ability, their exposure is limited to Standard Dynamic Range (SDR) data, making them poorly equipped to handle HDR photometry and perceptual nuances. We propose HDR-VLM, the first method to adapt a VLM to the HDR domain for perceptual quality assessment. Specifically, HDR-VLM employs a two-stage design: it first bridges the domain gap using a unified HLG-based encoding and progressive adaptation; then it aligns model assessments with noisy, multi-scale human preferences via reinforcement learning with curriculum-inspired rewards. Experiments on a real-world, production-sourced HDR dataset show that HDR-VLM not only outperforms existing quality assessment methods but also produces interpretable attribution rationales. These rationales offer actionable guidance for content creators, enhancing the reliability and transparency of automated HDR quality evaluation.","@InProceedings{Yuan_2026_CVPR, author = {Yuan, Hao and Zhang, Jiabin and Wu, Yajing and Pang, Ruixuan and Li, Jing}, title = {HDR-VLM: HDR-Domain Adaptation of VLMs and Preference-Aligned Quality Assessment for HDR Video Color Grading}, booktitle = {Proceedings of the IEEE/CVF Conference on Computer Vision and Pattern Recognition (CVPR)}, month = {June}, year = {2026}, pages = {40792-40801} }"
Ferreira_SpiderCam_Low-Power_Snapshot_Depth_from_Differential_Defocus_CVPR_2026_paper,2026,1,Computational_Photography,Computational_Photography,10.0,1.0,SpiderCam: Low-Power Snapshot Depth from Differential Defocus,Marcos A. Ferreira; Tianao Li; John Mamish; Josiah Hester; Yaman Sangar; Qi Guo; Emma Alexander,7,41699-41709,True,https://openaccess.thecvf.com/content/CVPR2026/papers/Ferreira_SpiderCam_Low-Power_Snapshot_Depth_from_Differential_Defocus_CVPR_2026_paper.pdf,https://openaccess.thecvf.com/content/CVPR2026/supplemental/Ferreira_SpiderCam_Low-Power_Snapshot_CVPR_2026_supplemental.zip,https://openaccess.thecvf.com/content/CVPR2026/html/Ferreira_SpiderCam_Low-Power_Snapshot_Depth_from_Differential_Defocus_CVPR_2026_paper.html,"We introduce SpiderCam, an FPGA-based snapshot depth-from-defocus camera which produces 480x400 sparse depth maps in real-time at 32.5 FPS over a working range of 52 cm while consuming 611 mW of power in total. SpiderCam comprises a custom camera which simultaneously captures two differently focused images of the same scene, processed with a SystemVerilog implementation of depth from differential defocus (DfDD) on a low-power FPGA. To achieve state-of-the-art power consumption, we present algorithmic improvements to DfDD that overcome challenges caused by low-power sensors, and design a memory-local implementation for streaming depth computation on a device that is too small to store even a single image pair. We report the first sub-Watt total power measurement for passive FPGA-based 3D cameras in the literature.","@InProceedings{Ferreira_2026_CVPR, author = {Ferreira, Marcos A. and Li, Tianao and Mamish, John and Hester, Josiah and Sangar, Yaman and Guo, Qi and Alexander, Emma}, title = {SpiderCam: Low-Power Snapshot Depth from Differential Defocus}, booktitle = {Proceedings of the IEEE/CVF Conference on Computer Vision and Pattern Recognition (CVPR)}, month = {June}, year = {2026}, pages = {41699-41709} }"
Xu_Event-Illumination_Collaborative_Low-light_Image_Enhancement_with_a_High-resolution_Real-world_Dataset_CVPR_2026_paper,2026,0,Restoration_Enhancement,Restoration_Enhancement|Computational_Photography,20.0,0.55,Event-Illumination Collaborative Low-light Image Enhancement with a High-resolution Real-world Dataset,Senyan Xu; Zhijing Sun; Kean Liu; Xin Lu; Ruixuan Jiang; Xueyang Fu; Zheng-Jun Zha,7,22270-22280,True,https://openaccess.thecvf.com/content/CVPR2026/papers/Xu_Event-Illumination_Collaborative_Low-light_Image_Enhancement_with_a_High-resolution_Real-world_Dataset_CVPR_2026_paper.pdf,https://openaccess.thecvf.com/content/CVPR2026/supplemental/Xu_Event-Illumination_Collaborative_Low-light_CVPR_2026_supplemental.pdf,https://openaccess.thecvf.com/content/CVPR2026/html/Xu_Event-Illumination_Collaborative_Low-light_Image_Enhancement_with_a_High-resolution_Real-world_Dataset_CVPR_2026_paper.html,"Event-based low-light image enhancement (LIE) methods mainly focus on incorporating high dynamic range (HDR) information from events while overlooking the essential global illumination in images and the inherent noise sensitivity of event signals in real-world scenarios. To address these issues, we propose EIC-LIE, an event-illumination collaborative LIE framework. Concretely, we first design an Event-Illumination Collaborative Interaction (EICI) module, which contains two key processes: forward gathering, which gathers HDR features across varying lighting conditions, and backward injection, which provides complementary content for illumination and event representations.Next, we introduce an Illumination-aware Event Filter (IAEF) that dynamically reduces event noise based on brightness statistics derived from images. Additionally, we build a beam-splitter-based hybrid imaging system to collect high-quality event-image pairs with temporal synchronization from dynamic scenes, providing the first high-resolution, real-world event-based LIE dataset.Extensive experiments show that our EIC-LIE outperforms state-of-the-art methods on five real-world and synthetic datasets, significantly surpassing previous methods with improvements of up to 1.24dB in PSNR and 0.069 in SSIM. The code and dataset are released at https://github.com/QUEAHREN/EIC-LIE.","@InProceedings{Xu_2026_CVPR, author = {Xu, Senyan and Sun, Zhijing and Liu, Kean and Lu, Xin and Jiang, Ruixuan and Fu, Xueyang and Zha, Zheng-Jun}, title = {Event-Illumination Collaborative Low-light Image Enhancement with a High-resolution Real-world Dataset}, booktitle = {Proceedings of the IEEE/CVF Conference on Computer Vision and Pattern Recognition (CVPR)}, month = {June}, year = {2026}, pages = {22270-22280} }"
Huang_Reflection_Separation_from_a_Single_Image_via_Joint_Latent_Diffusion_CVPR_2026_paper,2026,0,Diffusion_Generative,Diffusion_Generative|Computational_Photography,15.0,0.2,Reflection Separation from a Single Image via Joint Latent Diffusion,Zheng-Hui Huang; Zhixiang Wang; Yu-Lun Liu; Yung-Yu Chuang,4,4569-4579,True,https://openaccess.thecvf.com/content/CVPR2026/papers/Huang_Reflection_Separation_from_a_Single_Image_via_Joint_Latent_Diffusion_CVPR_2026_paper.pdf,https://openaccess.thecvf.com/content/CVPR2026/supplemental/Huang_Reflection_Separation_from_CVPR_2026_supplemental.pdf,https://openaccess.thecvf.com/content/CVPR2026/html/Huang_Reflection_Separation_from_a_Single_Image_via_Joint_Latent_Diffusion_CVPR_2026_paper.html,"Single-image reflection separation is highly challenging under extreme conditions like glare or weak reflections. Existing methods often struggle to recover both layers in glare or weak-reflection scenarios because of insufficient information. This paper presents a diffusion model explicitly fine-tuned for this task, leveraging generative diffusion priors for robust separation. Our method simultaneously generates transmission and reflection layers through a unified diffusion model, incorporating a novel cross-layer self-attention mechanism for better feature disentanglement. We further introduce a disjoint sampling strategy to iteratively reduce interference between the layers during diffusion and a latent optimization step with a learned composition function for improved results in complex real-world scenarios. Extensive experiments demonstrate that our approach surpasses state-of-the-art methods on multiple real-world benchmarks. Project page: https://brian90709.github.io/diff-reflection-separation/","@InProceedings{Huang_2026_CVPR, author = {Huang, Zheng-Hui and Wang, Zhixiang and Liu, Yu-Lun and Chuang, Yung-Yu}, title = {Reflection Separation from a Single Image via Joint Latent Diffusion}, booktitle = {Proceedings of the IEEE/CVF Conference on Computer Vision and Pattern Recognition (CVPR)}, month = {June}, year = {2026}, pages = {4569-4579} }"
Liao_LRHDR_Learning_Representation-enhanced_HDR_Video_Reconstruction_CVPR_2026_paper,2026,1,Computational_Photography,Computational_Photography,18.0,0.667,LRHDR: Learning Representation-enhanced HDR Video Reconstruction,Chenzhuo Liao; Xin Chen; Bingchen Li; Yu Meng; Tao Yue; Xuemei Hu,6,41584-41593,True,https://openaccess.thecvf.com/content/CVPR2026/papers/Liao_LRHDR_Learning_Representation-enhanced_HDR_Video_Reconstruction_CVPR_2026_paper.pdf,https://openaccess.thecvf.com/content/CVPR2026/supplemental/Liao_LRHDR_Learning_Representation-enhanced_CVPR_2026_supplemental.pdf,https://openaccess.thecvf.com/content/CVPR2026/html/Liao_LRHDR_Learning_Representation-enhanced_HDR_Video_Reconstruction_CVPR_2026_paper.html,"Reconstructing High Dynamic Range (HDR) video from alternately exposed Low Dynamic Range (LDR) frames is challenged by large motion, exposure-induced photometric inconsistency, and information loss in saturated or under-exposed regions. Prior HDR video pipelines typically follow an alignment-reconstruction paradigm, which is limited by the precision of alignment and the performance of the fusion module. We propose a new reconstruction framework called Learning Representation-enhanced HDR Video Reconstruction (LRHDR), which is built around two novel components: an Amalgamated Cross-exposure Consistent Representation (ACCR) network and an Adaptive Pixel-wise Sparse Weighted Fusion (APSWF). The ACCR includes an Exposure-aware Interleaved Context (EIC) encoder and a Representation Mapper (RM). The EIC couples a large-field path with a high-fidelity sub-pixel path and an exposure gate to produce exposure-aware features. The RM avoids explicit cross-exposure alignment by mapping features from different exposures into a unified representation via per-pixel, per-channel linear modulation and decoding into the calibrated linear HDR domain. The APSWF treats fusion as pixel-wise candidate selection, producing sparse weighted masks to form a normalized fusion in the linear HDR domain, thereby suppressing artifacts. Extensive experiments on standard benchmarks demonstrate that our LRHDR outperforms previous methods.","@InProceedings{Liao_2026_CVPR, author = {Liao, Chenzhuo and Chen, Xin and Li, Bingchen and Meng, Yu and Yue, Tao and Hu, Xuemei}, title = {LRHDR: Learning Representation-enhanced HDR Video Reconstruction}, booktitle = {Proceedings of the IEEE/CVF Conference on Computer Vision and Pattern Recognition (CVPR)}, month = {June}, year = {2026}, pages = {41584-41593} }"
Ko_CanonCGT_Reference-Based_Color_Grading_via_Canonical_Pivot_Representation_CVPR_2026_paper,2026,1,Computational_Photography,Computational_Photography,3.0,0.0,CanonCGT: Reference-Based Color Grading via Canonical Pivot Representation,Jinwon Ko; Keunsoo Ko; Chang-Su Kim,3,15486-15495,True,https://openaccess.thecvf.com/content/CVPR2026/papers/Ko_CanonCGT_Reference-Based_Color_Grading_via_Canonical_Pivot_Representation_CVPR_2026_paper.pdf,https://openaccess.thecvf.com/content/CVPR2026/supplemental/Ko_CanonCGT_Reference-Based_Color_CVPR_2026_supplemental.zip,https://openaccess.thecvf.com/content/CVPR2026/html/Ko_CanonCGT_Reference-Based_Color_Grading_via_Canonical_Pivot_Representation_CVPR_2026_paper.html,"Reference-based color grading aims to reproduce the tonal mood and lighting of a reference while preserving color harmony and scene structure. Existing photorealistic and filter-based methods often produce unstable tone mappings --- over-shifting or inconsistently retaining colors --- leading to unnatural results. We propose CanonCGT, a two-stage framework built on a canonical pivot --- a style-neutral intermediate representation for stable color mapping. The first stage canonicalizes the input by removing intrinsic tonal bias, and the second color-grades it to match the reference style. A dual-phase training scheme, DP-CGT, combines supervised preset learning with self-supervised refinement on unpaired photographs. CanonCGT delivers photorealistic and tonally consistent results across diverse datasets, surpassing state-of-the-art methods in stability and visual fidelity. Our codes are available at \href https://github.com/Jinwon-Ko/CanonCGT https://github.com/Jinwon-Ko/CanonCGT .","@InProceedings{Ko_2026_CVPR, author = {Ko, Jinwon and Ko, Keunsoo and Kim, Chang-Su}, title = {CanonCGT: Reference-Based Color Grading via Canonical Pivot Representation}, booktitle = {Proceedings of the IEEE/CVF Conference on Computer Vision and Pattern Recognition (CVPR)}, month = {June}, year = {2026}, pages = {15486-15495} }"
Shi_Towards_Photorealistic_and_Efficient_Bokeh_Rendering_via_Diffusion_Framework_CVPR_2026_paper,2026,1,Computational_Photography,Computational_Photography,12.0,0.75,Towards Photorealistic and Efficient Bokeh Rendering via Diffusion Framework,Linxiao Shi; Siming Zheng; Zerong Wang; Hao Zhang; Jinwei Chen; Bo Li; Shifeng Chen; Peng-Tao Jiang,8,231-240,True,https://openaccess.thecvf.com/content/CVPR2026/papers/Shi_Towards_Photorealistic_and_Efficient_Bokeh_Rendering_via_Diffusion_Framework_CVPR_2026_paper.pdf,https://openaccess.thecvf.com/content/CVPR2026/supplemental/Shi_Towards_Photorealistic_and_CVPR_2026_supplemental.pdf,https://openaccess.thecvf.com/content/CVPR2026/html/Shi_Towards_Photorealistic_and_Efficient_Bokeh_Rendering_via_Diffusion_Framework_CVPR_2026_paper.html,"Existing mobile devices are constrained by compact optical designs, such as small apertures, which make it difficult to produce natural, optically realistic bokeh effects. Although recent learning-based methods have shown promising results, they still struggle with photos captured under high digital zoom levels, which often suffer from reduced resolution and loss of fine details. A naive solution is to enhance image quality before applying bokeh rendering, yet this two-stage pipeline reduces efficiency and introduces unnecessary error accumulation. To overcome these limitations, we propose MagicBokeh, a unified diffusion-based framework designed for high-quality and efficient bokeh rendering. Through an alternative training strategy and a focus-aware masked attention mechanism, our method jointly optimizes bokeh rendering and super-resolution, substantially improving both controllability and visual fidelity. Furthermore, we introduce degradation-aware depth module to enable more accurate depth estimation from low-quality inputs. Experimental results demonstrate that MagicBokeh efficiently produces photorealistic bokeh effects, particularly on real-world low-resolution images, paving the way for future advancements in bokeh rendering. Our code and models are available at this \href https://github.com/vivoCameraResearch/MagicBokeh url .","@InProceedings{Shi_2026_CVPR, author = {Shi, Linxiao and Zheng, Siming and Wang, Zerong and Zhang, Hao and Chen, Jinwei and Li, Bo and Chen, Shifeng and Jiang, Peng-Tao}, title = {Towards Photorealistic and Efficient Bokeh Rendering via Diffusion Framework}, booktitle = {Proceedings of the IEEE/CVF Conference on Computer Vision and Pattern Recognition (CVPR)}, month = {June}, year = {2026}, pages = {231-240} }"
Huang_MERIT_Multi-domain_Efficient_RAW_Image_Translation_CVPR_2026_paper,2026,1,Computational_Photography,Computational_Photography,10.0,1.0,MERIT: Multi-domain Efficient RAW Image Translation,Wenjun Huang; Shenghao Fu; Yian Jin; Yang Ni; Ziteng Cui; Hanning Chen; Yirui He; Yezi Liu; Sanggeon Yun; SungHeon Jeong; Ryozo Masukawa; William Youngwoo Chung; Mohsen Imani,13,37216-37225,True,https://openaccess.thecvf.com/content/CVPR2026/papers/Huang_MERIT_Multi-domain_Efficient_RAW_Image_Translation_CVPR_2026_paper.pdf,https://openaccess.thecvf.com/content/CVPR2026/supplemental/Huang_MERIT_Multi-domain_Efficient_CVPR_2026_supplemental.pdf,https://openaccess.thecvf.com/content/CVPR2026/html/Huang_MERIT_Multi-domain_Efficient_RAW_Image_Translation_CVPR_2026_paper.html,"RAW images captured by different camera sensors exhibit substantial domain shifts due to varying spectral responses, noise characteristics, and tone behaviors, complicating their direct use in downstream computer vision tasks. Prior methods address this problem by training domain-specific RAW-to-RAW translators for each source-target pair, but such approaches do not scale to real-world scenarios involving multiple types of commercial cameras. In this work, we introduce MERIT, the first unified framework for multi-domain RAW image translation, which leverages a single model to perform translations across arbitrary camera domains. To address domain-specific noise discrepancies, we propose a sensor-aware noise modeling loss that explicitly aligns the signal-dependent noise statistics of the generated images with those of the target domain. To facilitate standardized evaluation, we introduce MDRAW, the first dataset tailored for multi-domain RAW image translation, comprising both paired and unpaired RAW captures from five diverse camera sensors across a wide range of scenes. Extensive experiments demonstrate that MERIT outperforms prior models in both quality (+5.56 dB) and scalability (80% reduction in training iterations).","@InProceedings{Huang_2026_CVPR, author = {Huang, Wenjun and Fu, Shenghao and Jin, Yian and Ni, Yang and Cui, Ziteng and Chen, Hanning and He, Yirui and Liu, Yezi and Yun, Sanggeon and Jeong, SungHeon and Masukawa, Ryozo and Chung, William Youngwoo and Imani, Mohsen}, title = {MERIT: Multi-domain Efficient RAW Image Translation}, booktitle = {Proceedings of the IEEE/CVF Conference on Computer Vision and Pattern Recognition (CVPR)}, month = {June}, year = {2026}, pages = {37216-37225} }"
Shimomura_P2GS_Physical_Prior-guided_Gaussian_Splatting_for_Photometrically_Consistent_Urban_Reconstruction_CVPR_2026_paper,2026,0,Neural_Rendering_NeRF_3DGS,Neural_Rendering_NeRF_3DGS|Computational_Photography,27.0,0.556,P2GS: Physical Prior-guided Gaussian Splatting for Photometrically Consistent Urban Reconstruction,Kota Shimomura; Hidehisa Arai; Tsubasa Takahashi; Takayoshi Yamashita; Hironobu Fujiyoshi,5,11736-11745,True,https://openaccess.thecvf.com/content/CVPR2026/papers/Shimomura_P2GS_Physical_Prior-guided_Gaussian_Splatting_for_Photometrically_Consistent_Urban_Reconstruction_CVPR_2026_paper.pdf,https://openaccess.thecvf.com/content/CVPR2026/supplemental/Shimomura_P2GS_Physical_Prior-guided_CVPR_2026_supplemental.pdf,https://openaccess.thecvf.com/content/CVPR2026/html/Shimomura_P2GS_Physical_Prior-guided_Gaussian_Splatting_for_Photometrically_Consistent_Urban_Reconstruction_CVPR_2026_paper.html,"3D Gaussian Splatting (3DGS) has recently emerged as a powerful explicit representation enabling fast, high-fidelity rendering, making it a promising foundation for closed-loop simulators and perception models in autonomous driving. However, conventional 3DGS implicitly assumes consistent exposure and tone mapping across views. Real driving data violates this assumption due to heterogeneous camera pipelines and dynamic outdoor illumination, baking exposure discrepancies and sensor noise into the radiance field and producing artifacts and inconsistent illumination especially in static backgrounds crucial for realistic simulation. These issues are amplified in autonomous driving, where sparse viewpoints, varying exposures, and outdoor lighting interact, while prior work mainly targets dynamic-object reconstruction and overlooks cross-view photometric consistency.To address this limitation, we introduce P2GS, a physically consistent Gaussian Splatting framework that jointly decomposes a view-invariant linear HDR radiance field, per-view exposure scales, and tone-mapping functions from only LDR images without HDR supervision. P2GS employs a unified optimization strategy grounded in the physical image-formation process, enforcing relative-exposure consistency and HDR-domain radiance regularization. This yields a radiance field robust to inter-camera illumination differences while preserving the real-time efficiency of standard 3DGS. Experiments across real and simulated driving environments show that P2GS matches or surpasses prior methods in LDR reconstruction while providing substantially improved photometric consistency, reliable exposure normalization, and physically coherent illumination across diverse scenes.","@InProceedings{Shimomura_2026_CVPR, author = {Shimomura, Kota and Arai, Hidehisa and Takahashi, Tsubasa and Yamashita, Takayoshi and Fujiyoshi, Hironobu}, title = {P2GS: Physical Prior-guided Gaussian Splatting for Photometrically Consistent Urban Reconstruction}, booktitle = {Proceedings of the IEEE/CVF Conference on Computer Vision and Pattern Recognition (CVPR)}, month = {June}, year = {2026}, pages = {11736-11745} }"
Chen_Task-Aware_Image_Signal_Processor_for_Advanced_Visual_Perception_CVPR_2026_paper,2026,1,Computational_Photography,Computational_Photography,11.0,0.545,Task-Aware Image Signal Processor for Advanced Visual Perception,Kai Chen; Jin Xiao; Leheng Zhang; Kexuan Shi; Shuhang Gu,5,33672-33681,True,https://openaccess.thecvf.com/content/CVPR2026/papers/Chen_Task-Aware_Image_Signal_Processor_for_Advanced_Visual_Perception_CVPR_2026_paper.pdf,https://openaccess.thecvf.com/content/CVPR2026/supplemental/Chen_Task-Aware_Image_Signal_CVPR_2026_supplemental.pdf,https://openaccess.thecvf.com/content/CVPR2026/html/Chen_Task-Aware_Image_Signal_Processor_for_Advanced_Visual_Perception_CVPR_2026_paper.html,"In recent years, there has been a growing trend in computer vision towards exploiting RAW sensor data, which preserves richer information compared to conventional low-bit RGB images. Early studies mainly focused on enhancing visual quality, while more recent efforts aim to leverage the abundant information in RAW data to improve the performance of visual perception tasks such as object detection and segmentation. However, existing approaches still face two key limitations: large-scale ISP networks impose heavy computational overhead, while methods based on tuning traditional ISP pipelines are restricted by limited representational capacity.To address these issues, we propose Task-Aware Image Signal Processor (TA-ISP), a compact RAW-to-RGB framework that produces task-oriented representations for pretrained vision models. Instead of heavy dense convolutional pipelines, TA-ISP predicts a small set of lightweight, multi-scale modulation operators that act at global, regional, and pixel scales to reshape image statistics across different spatial extents. This factorized control significantly expands the range of spatially varying transforms that can be represented while keeping memory usage, computation, and latency tightly constrained. Evaluated on several RAW-domain detection and segmentation benchmarks under both daytime and nighttime conditions, TA-ISP consistently improves downstream accuracy while markedly reducing parameter count and inference time, making it well suited for deployment on resource-constrained devices.","@InProceedings{Chen_2026_CVPR, author = {Chen, Kai and Xiao, Jin and Zhang, Leheng and Shi, Kexuan and Gu, Shuhang}, title = {Task-Aware Image Signal Processor for Advanced Visual Perception}, booktitle = {Proceedings of the IEEE/CVF Conference on Computer Vision and Pattern Recognition (CVPR)}, month = {June}, year = {2026}, pages = {33672-33681} }"
George_From_Measurement_to_Mitigation_Quantifying_and_Reducing_Identity_Leakage_in_CVPR_2026_paper,2026,0,Face_Biometrics,Face_Biometrics|Computational_Photography|Trustworthy_Security_Privacy,11.0,0.455,From Measurement to Mitigation: Quantifying and Reducing Identity Leakage in Image Representation Encoders with Linear Subspace Removal,Daniel George; Charles Yeh; Daniel Lee; Yifei Zhang,4,3284-3293,True,https://openaccess.thecvf.com/content/CVPR2026/papers/George_From_Measurement_to_Mitigation_Quantifying_and_Reducing_Identity_Leakage_in_CVPR_2026_paper.pdf,https://openaccess.thecvf.com/content/CVPR2026/supplemental/George_From_Measurement_to_CVPR_2026_supplemental.pdf,https://openaccess.thecvf.com/content/CVPR2026/html/George_From_Measurement_to_Mitigation_Quantifying_and_Reducing_Identity_Leakage_in_CVPR_2026_paper.html,"Frozen visual embeddings (e.g., CLIP, DINOv2/v3, SSCD) power retrieval and integrity systems, yet their use on face-containing data is constrained by unmeasured identity leakage and a lack of deployable mitigations. We take an attacker-aware view and contribute: (i) a benchmark of visual embeddings that reports open-set verification at low false-accept rates, a calibrated diffusion-based template inversion check, and face-context attribution with equal-area perturbations; and (ii) propose a one-shot linear projector that removes an estimated identity subspace while preserving the complementary space needed for utility, which for brevity we denote as the identity sanitization projection ISP. Across CelebA-20 and VGGFace2, we show that these encoders are robust under open-set linear probes, with CLIP exhibiting relatively higher leakage than DINOv2/v3 and SSCD, robust to template inversion, and are context-dominant. In addition, we show that ISP drives linear access to near-chance while retaining high non-biometric utility, and transfers across datasets with minor degradation. Our results establish the first attacker-calibrated facial privacy audit of non-FR encoders and demonstrate that linear subspace removal achieves strong privacy guarantees while preserving utility for visual search and retrieval.","@InProceedings{George_2026_CVPR, author = {George, Daniel and Yeh, Charles and Lee, Daniel and Zhang, Yifei}, title = {From Measurement to Mitigation: Quantifying and Reducing Identity Leakage in Image Representation Encoders with Linear Subspace Removal}, booktitle = {Proceedings of the IEEE/CVF Conference on Computer Vision and Pattern Recognition (CVPR)}, month = {June}, year = {2026}, pages = {3284-3293} }"
Saini_Seeing_Beyond_8bits_Subjective_and_Objective_Quality_Assessment_of_HDR-UGC_CVPR_2026_paper,2026,1,Computational_Photography,Computational_Photography|Vision_Language_Multimodal,18.0,0.389,Seeing Beyond 8bits: Subjective and Objective Quality Assessment of HDR-UGC Videos,Shreshth Saini; Bowen Chen; Yilin Wang; Neil Birkbeck; Balu Adsumilli; Alan C. Bovik,6,15538-15549,True,https://openaccess.thecvf.com/content/CVPR2026/papers/Saini_Seeing_Beyond_8bits_Subjective_and_Objective_Quality_Assessment_of_HDR-UGC_CVPR_2026_paper.pdf,https://openaccess.thecvf.com/content/CVPR2026/supplemental/Saini_Seeing_Beyond_8bits_CVPR_2026_supplemental.pdf,https://openaccess.thecvf.com/content/CVPR2026/html/Saini_Seeing_Beyond_8bits_Subjective_and_Objective_Quality_Assessment_of_HDR-UGC_CVPR_2026_paper.html,"High Dynamic Range (HDR) user-generated (UGC) videos are rapidly proliferating across social platforms, yet most perceptual video quality assessment (VQA) systems remain tailored to Standard Dynamic Range (SDR). HDR's higher bit depth, wide color gamut, and elevated luminance range expose distortions such as near-black crushing, highlight clipping, banding, and exposure flicker that amplify UGC artifacts and challenge SDR models. To catalyze progress, we curate HDR-UGC-44K, a large-scale subjective dataset of ~44K videos from 6.5K sources with >1.5M crowd ratings, spanning diverse scenes, capture conditions, and compression settings. We further introduce HDR-Q, the first Multimodal Large Language Model (MLLM) for HDR-UGC VQA. We propose (i) a novel HDR-aware vision encoder to produce HDR-sensitive embeddings, and (ii) HDR-Aware Policy Optimization (HAPO), an RL finetuning framework that anchors reasoning to HDR cues. HAPO augments GRPO via an HDR-SDR contrastive KL that encourages token reliance on HDR inputs and a gaussian weighted regression reward for fine-grained MOS calibration. Across HDR-UGC-44K and public HDR-VQA benchmarks, HDR-Q delivers state-of-the-art performance. Project page: https://shreshthsaini.github.io/Beynod8Bits","@InProceedings{Saini_2026_CVPR, author = {Saini, Shreshth and Chen, Bowen and Wang, Yilin and Birkbeck, Neil and Adsumilli, Balu and Bovik, Alan C.}, title = {Seeing Beyond 8bits: Subjective and Objective Quality Assessment of HDR-UGC Videos}, booktitle = {Proceedings of the IEEE/CVF Conference on Computer Vision and Pattern Recognition (CVPR)}, month = {June}, year = {2026}, pages = {15538-15549} }"
Liu_RawMetaDiff_Unlocking_Extreme_Darkness_from_Dual-Exposure_RAW_with_Meta-Guided_Diffusion_CVPR_2026_paper,2026,0,Restoration_Enhancement,Restoration_Enhancement|Computational_Photography,12.0,0.333,RawMetaDiff: Unlocking Extreme Darkness from Dual-Exposure RAW with Meta-Guided Diffusion,Panjun Liu; Jiyuan Xia; Yuanshen Guan; Yong Li; Zhiqiang Lang; Ruikang Xu; Chang Chen; Dehua Song; Fenglong Song; Zhiwei Xiong,10,5617-5626,True,https://openaccess.thecvf.com/content/CVPR2026/papers/Liu_RawMetaDiff_Unlocking_Extreme_Darkness_from_Dual-Exposure_RAW_with_Meta-Guided_Diffusion_CVPR_2026_paper.pdf,https://openaccess.thecvf.com/content/CVPR2026/supplemental/Liu_RawMetaDiff_Unlocking_Extreme_CVPR_2026_supplemental.pdf,https://openaccess.thecvf.com/content/CVPR2026/html/Liu_RawMetaDiff_Unlocking_Extreme_Darkness_from_Dual-Exposure_RAW_with_Meta-Guided_Diffusion_CVPR_2026_paper.html,"Extreme low-light Raw image restoration remains challenging due to overwhelming noise and severe detail loss.In this paper, we exploit the potential of the dual-exposure setting for this severely ill-posed problem.Existing methods suffer from unreliable cross-exposure alignment, resulting in degraded detail recovery and compromised color fidelity. To address these challenges, we propose RawMetaDiff, a novel generative diffusion framework that restores a high-fidelity Raw image from a short-exposure input, conditioned on a potentially misaligned long-exposure reference under the guidance of Raw metadata.At its core, we propsed two complementary mechanisms: the Meta-Assistant Color Transfer (MACT) enforces color consistency by aligning global color statistics along the channel dimension,while the Meta-Normed Cross Attention (MNCA) leverages Raw metadata to establish robust cross-exposure spatial correspondences and inject shadow details.To support robust diffusion training, we first collect a 1K real-world, dual-exposure Raw dataset, namely DERaw, and then design a realistic degradation model to synthesize data that closely approximates real-world conditions.Extensive experiments on both synthetic and real-world datasets demonstrate that RawMetaDiff significantly outperforms existing methods, justifying an effective new solution for extreme low-light Raw image restoration from the generative perspective.","@InProceedings{Liu_2026_CVPR, author = {Liu, Panjun and Xia, Jiyuan and Guan, Yuanshen and Li, Yong and Lang, Zhiqiang and Xu, Ruikang and Chen, Chang and Song, Dehua and Song, Fenglong and Xiong, Zhiwei}, title = {RawMetaDiff: Unlocking Extreme Darkness from Dual-Exposure RAW with Meta-Guided Diffusion}, booktitle = {Proceedings of the IEEE/CVF Conference on Computer Vision and Pattern Recognition (CVPR)}, month = {June}, year = {2026}, pages = {5617-5626} }"
Dai_Linear_Image_Generation_by_Synthesizing_Exposure_Brackets_CVPR_2026_paper,2026,0,Diffusion_Generative,Diffusion_Generative|Computational_Photography,18.0,0.333,Linear Image Generation by Synthesizing Exposure Brackets,Yuekun Dai; Zhoutong Zhang; Shangchen Zhou; Nanxuan Zhao,4,16206-16215,True,https://openaccess.thecvf.com/content/CVPR2026/papers/Dai_Linear_Image_Generation_by_Synthesizing_Exposure_Brackets_CVPR_2026_paper.pdf,https://openaccess.thecvf.com/content/CVPR2026/supplemental/Dai_Linear_Image_Generation_CVPR_2026_supplemental.pdf,https://openaccess.thecvf.com/content/CVPR2026/html/Dai_Linear_Image_Generation_by_Synthesizing_Exposure_Brackets_CVPR_2026_paper.html,"The life of a photo begins with photons striking the sensor, whose signals are passed through a sophisticated image signal processing (ISP) pipeline to produce a display-referred image. However, such images are no longer faithful to the incident light, being compressed in dynamic range and stylized by subjective preferences. In contrast, RAW images record direct sensor signals before non-linear tone mapping. After camera response curve correction and demosaicing, they can be converted into linear images, which are scene-referred representations that directly reflect true irradiance and are invariant to sensor-specific factors. Since image sensors have better dynamic range and bit depth, linear images contain richer information than display-referred ones, leaving users more room for editing during post-processing. Despite this advantage, current generative models mainly synthesize display-referred images, which inherently limits downstream editing. In this paper, we address the task of text-to-linear-image generation: synthesizing a high-quality, scene-referred linear image that preserves full dynamic range, conditioned on a text prompt, for professional post-processing. Generating linear images is challenging, as pre-trained VAEs in latent diffusion models struggle to simultaneously preserve extreme highlights and shadows due to the higher dynamic range and bit depth. To this end, we represent a linear image as a sequence of exposure brackets, each capturing a specific portion of the dynamic range, and propose a DiT-based flow-matching architecture for text-conditioned exposure bracket generation. We further demonstrate downstream applications including text-guided linear image editing and structure-conditioned generation via ControlNet.","@InProceedings{Dai_2026_CVPR, author = {Dai, Yuekun and Zhang, Zhoutong and Zhou, Shangchen and Zhao, Nanxuan}, title = {Linear Image Generation by Synthesizing Exposure Brackets}, booktitle = {Proceedings of the IEEE/CVF Conference on Computer Vision and Pattern Recognition (CVPR)}, month = {June}, year = {2026}, pages = {16206-16215} }"
Zeng_Physically_Inspired_Gaussian_Splatting_for_HDR_Novel_View_Synthesis_CVPR_2026_paper,2026,0,Neural_Rendering_NeRF_3DGS,Neural_Rendering_NeRF_3DGS|Computational_Photography,21.0,0.143,Physically Inspired Gaussian Splatting for HDR Novel View Synthesis,Huimin Zeng; Yue Bai; Hailing Wang; Yun Fu,4,11808-11817,True,https://openaccess.thecvf.com/content/CVPR2026/papers/Zeng_Physically_Inspired_Gaussian_Splatting_for_HDR_Novel_View_Synthesis_CVPR_2026_paper.pdf,https://openaccess.thecvf.com/content/CVPR2026/supplemental/Zeng_Physically_Inspired_Gaussian_CVPR_2026_supplemental.pdf,https://openaccess.thecvf.com/content/CVPR2026/html/Zeng_Physically_Inspired_Gaussian_Splatting_for_HDR_Novel_View_Synthesis_CVPR_2026_paper.html,"High dynamic range novel view synthesis (HDR-NVS) reconstructs scenes with dynamic details by fusing multi-exposure low dynamic range (LDR) views, yet it struggles to capture ambient illumination-dependent appearance. Implicitly supervising HDR content by constraining tone-mapped results fails in correcting abnormal HDR values, and results in limited gradients for Gaussians in under/over-exposed regions. To this end, we introduce PhysHDR-GS, a physically inspired HDR-NVS framework that models scene appearance via intrinsic reflectance and adjustable ambient illumination. PhysHDR-GS employs a complementary image-exposure (IE) branch and Gaussian-illumination (GI) branch to faithfully reproduce standard camera observations and capture illumination-dependent appearance changes, respectively. During training, the proposed cross-branch HDR consistency loss provides explicit supervision for HDR content, while an illumination-guided gradient scaling strategy mitigates exposure-biased gradient starvation and reduces under-densified representations. Experimental results across realistic and synthetic datasets demonstrate our superiority in reconstructing HDR details (e.g., a PSNR gain of 2.04 dB over HDR-GS), while maintaining real-time rendering speed (up to 76 FPS). Code and models are available at https://huimin-zeng.github.io/PhysHDR-GS/.","@InProceedings{Zeng_2026_CVPR, author = {Zeng, Huimin and Bai, Yue and Wang, Hailing and Fu, Yun}, title = {Physically Inspired Gaussian Splatting for HDR Novel View Synthesis}, booktitle = {Proceedings of the IEEE/CVF Conference on Computer Vision and Pattern Recognition (CVPR)}, month = {June}, year = {2026}, pages = {11808-11817} }"
Aydin_Spectrum_from_Defocus_Fast_Spectral_Imaging_with_Chromatic_Focal_Stack_CVPR_2026_paper,2026,0,Medical_Bio_RemoteSensing,Medical_Bio_RemoteSensing|Computational_Photography,9.0,0.111,Spectrum from Defocus: Fast Spectral Imaging with Chromatic Focal Stack,M. Kerem Aydin; Yi-Chun Hung; Jaclyn Pytlarz; Qi Guo; Emma Alexander,5,220-230,True,https://openaccess.thecvf.com/content/CVPR2026/papers/Aydin_Spectrum_from_Defocus_Fast_Spectral_Imaging_with_Chromatic_Focal_Stack_CVPR_2026_paper.pdf,https://openaccess.thecvf.com/content/CVPR2026/supplemental/Aydin_Spectrum_from_Defocus_CVPR_2026_supplemental.pdf,https://openaccess.thecvf.com/content/CVPR2026/html/Aydin_Spectrum_from_Defocus_Fast_Spectral_Imaging_with_Chromatic_Focal_Stack_CVPR_2026_paper.html,"Hyperspectral cameras rely on spectral filters, dispersive optics, or coded apertures, which reduce light throughput and increase hardware complexity. These systems face harsh trade-offs between spatial, spectral, and temporal resolution in inherently low-photon conditions. Computational imaging systems break through these trade-offs with compressive sensing, but have typically required complex optics and/or extensive computation. We present Spectrum from Defocus (SfD), a chromatic focal sweep method that achieves state-of-the-art hyperspectral imaging using only two off-the-shelf lenses, a grayscale sensor, and less than one second of reconstruction time. By capturing a chromatically-aberrated focal stack that preserves nearly all incident light, and reconstructing it with a fast physics-based iterative algorithm, SfD delivers sharp, accurate hyperspectral images. The combination of photon efficiency, optical simplicity, and physical interpretability makes SfD a promising solution for fast, compact, and interpretable hyperspectral imaging.","@InProceedings{Aydin_2026_CVPR, author = {Aydin, M. Kerem and Hung, Yi-Chun and Pytlarz, Jaclyn and Guo, Qi and Alexander, Emma}, title = {Spectrum from Defocus: Fast Spectral Imaging with Chromatic Focal Stack}, booktitle = {Proceedings of the IEEE/CVF Conference on Computer Vision and Pattern Recognition (CVPR)}, month = {June}, year = {2026}, pages = {220-230} }"
Chang_HFR_and_HDR_Video_from_Multi-Attenuated_Spikes_Using_a_Rapidly_CVPR_2026_paper,2026,1,Computational_Photography,Computational_Photography,18.0,0.722,HFR and HDR Video from Multi-Attenuated Spikes Using a Rapidly Rotating SpokeND Filter,Yakun Chang; Zhaojun Huang; Siqi Yang; Yeliduosi Xiaokaiti; Shikui Wei; Yao Zhao; Tiejun Huang; Boxin Shi,8,19716-19725,True,https://openaccess.thecvf.com/content/CVPR2026/papers/Chang_HFR_and_HDR_Video_from_Multi-Attenuated_Spikes_Using_a_Rapidly_CVPR_2026_paper.pdf,https://openaccess.thecvf.com/content/CVPR2026/supplemental/Chang_HFR_and_HDR_CVPR_2026_supplemental.zip,https://openaccess.thecvf.com/content/CVPR2026/html/Chang_HFR_and_HDR_Video_from_Multi-Attenuated_Spikes_Using_a_Rapidly_CVPR_2026_paper.html,"Capturing scenes with both high dynamic range (HDR) and high-speed motion remains challenging for conventional cameras. Existing alternating-exposure approaches exacerbate temporal resolution loss, making them unsuitable for high-speed scenes. Consequently, current solutions typically compromise either spatial resolution through fixed spatial-varying attenuation levels or employ multi-sensor configurations to maintain temporal resolution. In this paper, we leverage an ultra-high speed spike camera to enable spatial and temporal attenuation of incident light, thereby reconstructing high frame rate (HFR) and HDR video with a single sensor. We achieve this by placing a rapidly rotating spoke-pattern neutral density (SpokeND) filter in front of the spike camera, enabling each pixel to periodically capture multi-attenuated spikes while maintaining full spatial resolution. Building on these multi-attenuated spikes, we propose ReST-Net, which comprises the ReGain and ReFine modules. The ReGain module reconstructs spatially consistent frames by learning to recover relative gain from the multi-attenuated spikes, and the ReFine module removes temporal fluctuations to produce temporally consistent HDR videos. Extensive experiments on synthetic and real-world data demonstrate that our method can reconstruct HDR video at up to 2000 FPS.","@InProceedings{Chang_2026_CVPR, author = {Chang, Yakun and Huang, Zhaojun and Yang, Siqi and Xiaokaiti, Yeliduosi and Wei, Shikui and Zhao, Yao and Huang, Tiejun and Shi, Boxin}, title = {HFR and HDR Video from Multi-Attenuated Spikes Using a Rapidly Rotating SpokeND Filter}, booktitle = {Proceedings of the IEEE/CVF Conference on Computer Vision and Pattern Recognition (CVPR)}, month = {June}, year = {2026}, pages = {19716-19725} }"
Liu_ExpoCM_Exposure-Aware_One-Step_Generative_Single-Image_HDR_Reconstruction_CVPR_2026_paper,2026,1,Computational_Photography,Computational_Photography,18.0,0.667,ExpoCM: Exposure-Aware One-Step Generative Single-Image HDR Reconstruction,Aoyu Liu; Zhen Liu; Ziyi Wang; Dian Chen; Bing Zeng; Shuaicheng Liu,6,29909-29918,True,https://openaccess.thecvf.com/content/CVPR2026/papers/Liu_ExpoCM_Exposure-Aware_One-Step_Generative_Single-Image_HDR_Reconstruction_CVPR_2026_paper.pdf,,https://openaccess.thecvf.com/content/CVPR2026/html/Liu_ExpoCM_Exposure-Aware_One-Step_Generative_Single-Image_HDR_Reconstruction_CVPR_2026_paper.html,"Single-image HDR reconstruction aims to recover high dynamic range radiance from a single low dynamic range (LDR) input, but remains highly ill-posed due to detail saturation in over-exposed regions and noise amplification in under-exposed areas. While recent diffusion-based approaches offer powerful generative priors, they often overlook the exposure-dependent nature of the degradation and incur substantial computational costs from iterative sampling. To address these challenges, we propose ExpoCM, a novel one-step generative HDR reconstruction framework that reformulates HDR reconstruction as a Probability Flow ODE (PF-ODE) and constructs exposure-aware consistency trajectories via exposure-dependent perturbations. Specifically, a soft exposure mask is first constructed to separate the LDR image into over-, under-, and well-exposed regions. Based on this partition, region-conditioned consistency trajectories are designed to hallucinate saturated details, suppress noise in dark regions, and preserve reliable structures within a single, distillation-free inference step. To further enhance perceptual quality, we introduce an Exposure-guided Luminance-Chromaticity Loss in the CIE \text L ^*\text a ^*\text b ^* space, which assigns exposure-aware weights to luminance and chromaticity components, effectively mitigating brightness bias and color drift. Extensive experiments on the HDR-REAL, HDR-EYE, and AIM2025 benchmarks demonstrate that ExpoCM achieves state-of-the-art fidelity and perceptual accuracy, while enabling over 400xand 20xfaster inference compared to DDPM (1000 steps) and DDIM (50 steps), respectively. Code is available at https://github.com/AoyuLiu01/ExpoCM.","@InProceedings{Liu_2026_CVPR, author = {Liu, Aoyu and Liu, Zhen and Wang, Ziyi and Chen, Dian and Zeng, Bing and Liu, Shuaicheng}, title = {ExpoCM: Exposure-Aware One-Step Generative Single-Image HDR Reconstruction}, booktitle = {Proceedings of the IEEE/CVF Conference on Computer Vision and Pattern Recognition (CVPR)}, month = {June}, year = {2026}, pages = {29909-29918} }"
Lee_Nonlinear_Color_Transfer_via_Learnable_Bezier_Flows_CVPR_2026_paper,2026,1,Computational_Photography,Computational_Photography,12.0,1.0,Nonlinear Color Transfer via Learnable Bezier Flows,Junhyoung Lee; Seongwoon Jo; JeongHun Park; Yeonji Ryou; Jeongha Yang; Jangho Kim,6,41741-41751,True,https://openaccess.thecvf.com/content/CVPR2026/papers/Lee_Nonlinear_Color_Transfer_via_Learnable_Bezier_Flows_CVPR_2026_paper.pdf,https://openaccess.thecvf.com/content/CVPR2026/supplemental/Lee_Nonlinear_Color_Transfer_CVPR_2026_supplemental.pdf,https://openaccess.thecvf.com/content/CVPR2026/html/Lee_Nonlinear_Color_Transfer_via_Learnable_Bezier_Flows_CVPR_2026_paper.html,"Color transfer aims to match the color distribution of a content image (source) to that of a style image (target) while preserving structure and perceptual realism. Yet modulation-based flow models such as ModFlows often produce trajectory misalignment and artifacts because they rely on strictly linear transport paths. We propose NCT, a nonlinear color transfer framework that replaces linear paths with Bezier trajectories, enabling smooth, nonlinear, and perceptually coherent color transfer. This parameterization lets the transport bend toward plausible intermediate color regimes, improving content-style alignment and reducing chromatic distortion. We further incorporate a Mixture of Experts (MoE) module in the encoder to select trajectory experts for different chromatic regimes, improving generalization to heterogeneous data with complex illumination and materials. Experiments show that NCT reduces artifacts and achieves more stable color transfer than prior flow-based methods, especially on 3D-rendered or highly textured images. The code is provided in supplementary materials.","@InProceedings{Lee_2026_CVPR, author = {Lee, Junhyoung and Jo, Seongwoon and Park, JeongHun and Ryou, Yeonji and Yang, Jeongha and Kim, Jangho}, title = {Nonlinear Color Transfer via Learnable Bezier Flows}, booktitle = {Proceedings of the IEEE/CVF Conference on Computer Vision and Pattern Recognition (CVPR)}, month = {June}, year = {2026}, pages = {41741-41751} }"
Li_FVAR_Next-Focus_Prediction_for_Visual_Autoregressive_Modeling_CVPR_2026_paper,2026,1,Computational_Photography,Computational_Photography,4.0,1.0,FVAR: Next-Focus Prediction for Visual Autoregressive Modeling,Xiaofan Li; Chenming Wu; Yanpeng Sun; Jiaming Zhou; Delin Qu; Yansong Qu; Weihao Bo; Haibao Yu; Dingkang Liang,9,30391-30401,True,https://openaccess.thecvf.com/content/CVPR2026/papers/Li_FVAR_Next-Focus_Prediction_for_Visual_Autoregressive_Modeling_CVPR_2026_paper.pdf,,https://openaccess.thecvf.com/content/CVPR2026/html/Li_FVAR_Next-Focus_Prediction_for_Visual_Autoregressive_Modeling_CVPR_2026_paper.html,"Visual autoregressive models achieve remarkable generation quality through next-scale predictions across multi-scale token pyramids. However, the conventional method uses uniform scale downsampling to build these pyramids, leading to aliasing artifacts that compromise fine details and introduce unwanted jaggies and moire patterns. To tackle this issue, we present FVAR, which reframes the paradigm from next-scale prediction to next-focus prediction, mimicking the natural process of camera focusing from blur to clarity. Our approach introduces three key innovations: 1) Next-Focus Prediction Paradigm that transforms multi-scale autoregression by progressively reducing blur rather than simply downsampling; 2) Progressive Refocusing Pyramid Construction that uses physics-consistent defocus kernels to build clean, alias-free multi-scale representations; and 3) High-Frequency Residual Learning that employs a specialized residual teacher network to effectively incorporate alias information during training while maintaining deployment simplicity. Specifically, we construct optical low-pass views using defocus point spread function (PSF) kernels with decreasing radius, creating smooth blur-to-clarity transitions that eliminate aliasing at its source. To further enhance detail generation, we introduce a High-Frequency Residual Teacher that learns from both clean structure and alias residuals, distilling this knowledge to a vanilla VAR deployment network for seamless inference. Extensive experiments on ImageNet demonstrate that FVAR substantially reduces aliasing artifacts, improves fine detail preservation, and enhances text readability, achieving superior performance with perfect compatibility to existing VAR frameworks.","@InProceedings{Li_2026_CVPR, author = {Li, Xiaofan and Wu, Chenming and Sun, Yanpeng and Zhou, Jiaming and Qu, Delin and Qu, Yansong and Bo, Weihao and Yu, Haibao and Liang, Dingkang}, title = {FVAR: Next-Focus Prediction for Visual Autoregressive Modeling}, booktitle = {Proceedings of the IEEE/CVF Conference on Computer Vision and Pattern Recognition (CVPR)}, month = {June}, year = {2026}, pages = {30391-30401} }"
Park_TM-BSN_Triangular-Masked_Blind-Spot_Network_for_Real-World_Self-Supervised_Image_Denoising_CVPR_2026_paper,2026,0,SelfSupervised_Representation,SelfSupervised_Representation|Restoration_Enhancement|Computational_Photography,15.0,0.2,TM-BSN: Triangular-Masked Blind-Spot Network for Real-World Self-Supervised Image Denoising,Junyoung Park; Youngjin Oh; Nam Ik Cho,3,29877-29886,True,https://openaccess.thecvf.com/content/CVPR2026/papers/Park_TM-BSN_Triangular-Masked_Blind-Spot_Network_for_Real-World_Self-Supervised_Image_Denoising_CVPR_2026_paper.pdf,https://openaccess.thecvf.com/content/CVPR2026/supplemental/Park_TM-BSN_Triangular-Masked_Blind-Spot_CVPR_2026_supplemental.pdf,https://openaccess.thecvf.com/content/CVPR2026/html/Park_TM-BSN_Triangular-Masked_Blind-Spot_Network_for_Real-World_Self-Supervised_Image_Denoising_CVPR_2026_paper.html,"Blind-spot networks (BSNs) enable self-supervised image denoising by preventing access to the target pixel, allowing clean signal estimation without ground-truth supervision. However, this approach assumes pixel-wise noise independence, which is violated in real-world sRGB images due to spatially correlated noise from the camera's image signal processing (ISP) pipeline. While several methods employ downsampling to decorrelate noise, they alter noise statistics and limit the network's ability to utilize full contextual information. In this paper, we propose the Triangular-Masked Blind-Spot Network (TM-BSN), a novel blind-spot architecture that accurately models the spatial correlation of real sRGB noise. This correlation originates from demosaicing, where each pixel is reconstructed from neighboring samples with spatially decaying weights, resulting in a diamond-shaped pattern. To align the receptive field with this geometry, we introduce a triangular-masked convolution that restricts the kernel to its upper-triangular region, creating a diamond-shaped blind spot at the original resolution. This design excludes correlated pixels while fully leveraging uncorrelated context, eliminating the need for downsampling or post-processing. Furthermore, we use knowledge distillation to transfer complementary knowledge from multiple blind-spot predictions into a lightweight U-Net, improving both accuracy and efficiency. Extensive experiments on real-world benchmarks demonstrate that our method achieves state-of-the-art performance, significantly outperforming existing self-supervised approaches. Our code is available at https://github.com/parkjun210/TM-BSN.","@InProceedings{Park_2026_CVPR, author = {Park, Junyoung and Oh, Youngjin and Cho, Nam Ik}, title = {TM-BSN: Triangular-Masked Blind-Spot Network for Real-World Self-Supervised Image Denoising}, booktitle = {Proceedings of the IEEE/CVF Conference on Computer Vision and Pattern Recognition (CVPR)}, month = {June}, year = {2026}, pages = {29877-29886} }"
Guo_LF-BVN_Blind-View_Network_for_Self-Supervised_Light_Field_Denoising_CVPR_2026_paper,2026,0,Restoration_Enhancement,Restoration_Enhancement|Computational_Photography|SelfSupervised_Representation,18.0,0.333,LF-BVN: Blind-View Network for Self-Supervised Light Field Denoising,Longzhao Guo; Shuo Zhang; Chen Gao; Qian Tian; Youfang Lin,5,1355-1364,True,https://openaccess.thecvf.com/content/CVPR2026/papers/Guo_LF-BVN_Blind-View_Network_for_Self-Supervised_Light_Field_Denoising_CVPR_2026_paper.pdf,https://openaccess.thecvf.com/content/CVPR2026/supplemental/Guo_LF-BVN_Blind-View_Network_CVPR_2026_supplemental.pdf,https://openaccess.thecvf.com/content/CVPR2026/html/Guo_LF-BVN_Blind-View_Network_for_Self-Supervised_Light_Field_Denoising_CVPR_2026_paper.html,"Recent advances in learning-based Light Field (LF) image denoising have achieved impressive results. However, these methods rely heavily on large-scale noisy-clean image pairs and often fail to generalize to unseen or complex noise.In this work, we observe that the inherent multi-view consistency of LF images makes it highly unlikely for noise to be coherent across views, offering a more reliable supervisory signal for self-supervised denoising.Building on this insight, we extend the blind-spot principle to the LF domain and propose a novel LF Blind-View denoising Network (LF-BVN). We first introduce a geometric invariance mask that leverages angular redundancy for efficient full-view supervision. To enforce cross-view photometric consistency, we further introduce latent representation volumes and enforce consistency between them.Additionally, we exploit focus stacks to extract latent depth cues from noisy observations, providing further guidance.Extensive experiments show that LF-BVN achieves competitive denoising performance while maintaining strong cross-view consistency without requiring clean data or external supervision.","@InProceedings{Guo_2026_CVPR, author = {Guo, Longzhao and Zhang, Shuo and Gao, Chen and Tian, Qian and Lin, Youfang}, title = {LF-BVN: Blind-View Network for Self-Supervised Light Field Denoising}, booktitle = {Proceedings of the IEEE/CVF Conference on Computer Vision and Pattern Recognition (CVPR)}, month = {June}, year = {2026}, pages = {1355-1364} }"
Qi_Seeing_through_Light_and_Darkness_Sensor-Physics_Grounded_Deblurring_HDR_NeRF_CVPR_2026_paper,2026,0,Neural_Rendering_NeRF_3DGS,Neural_Rendering_NeRF_3DGS|Computational_Photography|Restoration_Enhancement,27.0,0.333,Seeing through Light and Darkness: Sensor-Physics Grounded Deblurring HDR NeRF from Single-Exposure Images and Events,Yunshan Qi; Lin Zhu; Nan Bao; Yifan Zhao; Jia Li,5,22723-22732,True,https://openaccess.thecvf.com/content/CVPR2026/papers/Qi_Seeing_through_Light_and_Darkness_Sensor-Physics_Grounded_Deblurring_HDR_NeRF_CVPR_2026_paper.pdf,https://openaccess.thecvf.com/content/CVPR2026/supplemental/Qi_Seeing_through_Light_CVPR_2026_supplemental.pdf,https://openaccess.thecvf.com/content/CVPR2026/html/Qi_Seeing_through_Light_and_Darkness_Sensor-Physics_Grounded_Deblurring_HDR_NeRF_CVPR_2026_paper.html,"Novel view synthesis from low dynamic range (LDR) blurry images, which are common in the wild, struggles to recover high dynamic range (HDR) and sharp 3D representations in extreme lighting conditions. Although existing methods employ event data to address this issue, they ignore the sensor-physics mismatches between the camera output and physical world radiance, resulting in suboptimal HDR and deblurring results. To cope with this problem, we propose a unified sensor-physics grounded NeRF framework for sharp HDR novel view synthesis from single-exposure blurry LDR images and corresponding events. We employ NeRF to directly represent the actual radiance of the 3D scene in the HDR domain and model raw HDR scene rays hitting the sensor pixels as in the physical world. A 2D pixel-wise RGB CRF model is introduced to align the NeRF rendered pixel values with the sensor-recorded LDR pixel values of the input images. A novel event CRF model is also designed to bridge the gap between physical scene dynamics and event sensor output. The two models are jointly optimized with the NeRF network, leveraging the spatial and temporal dynamic information in events to enhance the sharp HDR 3D representation learning. Experiments on the collected and public datasets demonstrate that our method achieves state-of-the-art HDR and deblurring novel view synthesis results with single-exposure blurry LDR images and corresponding events. Our code and datasets are publicly available at https://github.com/iCVTEAM/See-NeRF.","@InProceedings{Qi_2026_CVPR, author = {Qi, Yunshan and Zhu, Lin and Bao, Nan and Zhao, Yifan and Li, Jia}, title = {Seeing through Light and Darkness: Sensor-Physics Grounded Deblurring HDR NeRF from Single-Exposure Images and Events}, booktitle = {Proceedings of the IEEE/CVF Conference on Computer Vision and Pattern Recognition (CVPR)}, month = {June}, year = {2026}, pages = {22723-22732} }"
Yue_F2HDR_Two-Stage_HDR_Video_Reconstruction_via_Flow_Adapter_and_Physical_CVPR_2026_paper,2026,1,Computational_Photography,Computational_Photography,18.0,0.722,F^2HDR: Two-Stage HDR Video Reconstruction via Flow Adapter and Physical Motion Modeling,Huanjing Yue; Dawei Li; Shaoxiong Tu; Jingyu Yang,4,33985-33994,True,https://openaccess.thecvf.com/content/CVPR2026/papers/Yue_F2HDR_Two-Stage_HDR_Video_Reconstruction_via_Flow_Adapter_and_Physical_CVPR_2026_paper.pdf,https://openaccess.thecvf.com/content/CVPR2026/supplemental/Yue_F2HDR_Two-Stage_HDR_CVPR_2026_supplemental.pdf,https://openaccess.thecvf.com/content/CVPR2026/html/Yue_F2HDR_Two-Stage_HDR_Video_Reconstruction_via_Flow_Adapter_and_Physical_CVPR_2026_paper.html,"Reconstructing High Dynamic Range (HDR) videos from sequences of alternating-exposure Low Dynamic Range (LDR) frames remains highly challenging, especially under dynamic scenes where cross-exposure inconsistencies and complex motion make inter-frame alignment difficult, leading to ghosting and detail loss. Existing methods often suffer from inaccurate alignment, suboptimal feature aggregation, and degraded reconstruction quality in motion-dominated regions. To address these challenges, we propose F^2HDR, a two-stage HDR video reconstruction framework that robustly perceives inter-frame motion and restores fine details in complex dynamic scenarios. The proposed framework integrates a flow adapter that adapts generic optical flow for robust cross-exposure alignment, a physical motion modeling to identify salient motion regions, and a motion-aware refinement network that aggregates complementary information while removing ghosting and noise. Extensive experiments demonstrate that F^2HDR achieves state-of-the-art performance on real-world HDR video benchmarks, producing ghost-free and high-fidelity results under large motion and exposure variations. Our code is available at https://github.com/wei1895/F2HDR.","@InProceedings{Yue_2026_CVPR, author = {Yue, Huanjing and Li, Dawei and Tu, Shaoxiong and Yang, Jingyu}, title = {F{\textasciicircum}2HDR: Two-Stage HDR Video Reconstruction via Flow Adapter and Physical Motion Modeling}, booktitle = {Proceedings of the IEEE/CVF Conference on Computer Vision and Pattern Recognition (CVPR)}, month = {June}, year = {2026}, pages = {33985-33994} }"
Bolduc_Lighting_in_Motion_Spatiotemporal_HDR_Lighting_Estimation_CVPR_2026_paper,2026,1,Computational_Photography,Computational_Photography,9.0,0.667,Lighting in Motion: Spatiotemporal HDR Lighting Estimation,Christophe Bolduc; Julien Philip; Li Ma; Mingming He; Paul Debevec; Jean-François Lalonde,6,19696-19705,True,https://openaccess.thecvf.com/content/CVPR2026/papers/Bolduc_Lighting_in_Motion_Spatiotemporal_HDR_Lighting_Estimation_CVPR_2026_paper.pdf,https://openaccess.thecvf.com/content/CVPR2026/supplemental/Bolduc_Lighting_in_Motion_CVPR_2026_supplemental.zip,https://openaccess.thecvf.com/content/CVPR2026/html/Bolduc_Lighting_in_Motion_Spatiotemporal_HDR_Lighting_Estimation_CVPR_2026_paper.html,"We present Lighting in Motion (LiMo), a diffusion-based approach to spatiotemporal lighting estimation. LiMo targets both realistic high-frequency detail prediction and accurate illuminance estimation. To account for both, we propose generating a set of mirrored and diffuse spheres at different exposures, based on their 3D positions in the input. Making use of diffusion priors, we fine-tune powerful existing diffusion models on a large-scale customized dataset of indoor and outdoor scenes, paired with spatiotemporal light probes. For accurate spatial conditioning, we demonstrate that depth alone is insufficient and we introduce a new geometric condition to provide the relative position of the scene to the target 3D position. Finally, we combine diffuse and mirror predictions at different exposures into a single HDRI map leveraging differentiable rendering.We thoroughly evaluate our method and design choices to establish LiMo as state-of-the-art for both spatial control and prediction accuracy.","@InProceedings{Bolduc_2026_CVPR, author = {Bolduc, Christophe and Philip, Julien and Ma, Li and He, Mingming and Debevec, Paul and Lalonde, Jean-Fran\c{c}ois}, title = {Lighting in Motion: Spatiotemporal HDR Lighting Estimation}, booktitle = {Proceedings of the IEEE/CVF Conference on Computer Vision and Pattern Recognition (CVPR)}, month = {June}, year = {2026}, pages = {19696-19705} }"
Tsuchida_Coded-E2LF_Coded_Aperture_Light_Field_Imaging_from_Events_CVPR_2026_paper,2026,1,Computational_Photography,Computational_Photography,18.0,0.944,Coded-E2LF: Coded Aperture Light Field Imaging from Events,Tomoya Tsuchida; Keita Takahashi; Chihiro Tsutake; Toshiaki Fujii; Hajime Nagahara,5,19726-19736,True,https://openaccess.thecvf.com/content/CVPR2026/papers/Tsuchida_Coded-E2LF_Coded_Aperture_Light_Field_Imaging_from_Events_CVPR_2026_paper.pdf,https://openaccess.thecvf.com/content/CVPR2026/supplemental/Tsuchida_Coded-E2LF_Coded_Aperture_CVPR_2026_supplemental.zip,https://openaccess.thecvf.com/content/CVPR2026/html/Tsuchida_Coded-E2LF_Coded_Aperture_Light_Field_Imaging_from_Events_CVPR_2026_paper.html,"We propose Coded-E2LF (coded event to light field), a computational imaging method for acquiring a 4-D light field using a coded aperture and a stationary event-only camera. In a previous work, an imaging system similar to ours was adopted, but both events and intensity images were captured and used for light field reconstruction. In contrast, our method is purely event-based, which relaxes restrictions for hardware implementation. We also introduce several advancements from the previous work that enable us to theoretically support and practically improve light field reconstruction from events alone. In particular, we clarify the key role of a black pattern in aperture coding patterns. We finally implemented our method on real imaging hardware to demonstrate its effectiveness in capturing real 3-D scenes. To the best of our knowledge, we are the first to demonstrate that a 4-D light field with pixel-level accuracy can be reconstructed from events alone. Our software and supplementary video are available from our project website: https://www.fujii.nuee.nagoya-u.ac.jp/Research/EventLF/.","@InProceedings{Tsuchida_2026_CVPR, author = {Tsuchida, Tomoya and Takahashi, Keita and Tsutake, Chihiro and Fujii, Toshiaki and Nagahara, Hajime}, title = {Coded-E2LF: Coded Aperture Light Field Imaging from Events}, booktitle = {Proceedings of the IEEE/CVF Conference on Computer Vision and Pattern Recognition (CVPR)}, month = {June}, year = {2026}, pages = {19726-19736} }"
Guan_FastGaMer_Efficient_GainMap_Learning_for_Practical_Inverse_Tone_Mapping_CVPR_2026_paper,2026,1,Computational_Photography,Computational_Photography,21.0,0.81,FastGaMer: Efficient GainMap Learning for Practical Inverse Tone Mapping,Yuanshen Guan; Ruikang Xu; Chang Chen; Yinuo Liao; Dehua Song; Fenglong Song; Zhiwei Xiong,7,22703-22712,True,https://openaccess.thecvf.com/content/CVPR2026/papers/Guan_FastGaMer_Efficient_GainMap_Learning_for_Practical_Inverse_Tone_Mapping_CVPR_2026_paper.pdf,https://openaccess.thecvf.com/content/CVPR2026/supplemental/Guan_FastGaMer_Efficient_GainMap_CVPR_2026_supplemental.pdf,https://openaccess.thecvf.com/content/CVPR2026/html/Guan_FastGaMer_Efficient_GainMap_Learning_for_Practical_Inverse_Tone_Mapping_CVPR_2026_paper.html,"Inverse tone mapping (ITM) becomes significantly harder when the SDR input is produced by local tone mapping, which jointly applies global radiometric compression and spatially varying adaptations that distort dynamic range, contrast, and channel-wise color ratios. Existing ITM methods ignore this degradation structure and either regress HDR values directly or rely on a single-channel gain map, which scale luminance only and cannot restore the compressed dynamic range and wide color gamut.We introduce FastGaMer, a structured and resolution-agnostic ITM framework that explicitly mirrors this degradation process. Instead of regressing HDR values, we reconstruct a color gain map, which preserves per-channel amplification, simplifies learning, and enables proper gamut extension. Local and global degradations are inverted separately using dynamic bilateral grids and learnable 3D LUTs, followed by a lightweight neural modulator for global refinement and coherence. All high-resolution operations are network-free, yielding exceptional efficiency.To support color-GM supervision under realistic local TMO degradations, we create a dataset of over 8,000 4K SDR-GM pairs with an additional real-captured test set. FastGaMer outperforms prior lightweight ITM methods by +1.4 dB PQ-PSNR, reduces runtime by 70%, and processes 4K images in only 6.2 ms, achieving both high accuracy and real-time performance.","@InProceedings{Guan_2026_CVPR, author = {Guan, Yuanshen and Xu, Ruikang and Chen, Chang and Liao, Yinuo and Song, Dehua and Song, Fenglong and Xiong, Zhiwei}, title = {FastGaMer: Efficient GainMap Learning for Practical Inverse Tone Mapping}, booktitle = {Proceedings of the IEEE/CVF Conference on Computer Vision and Pattern Recognition (CVPR)}, month = {June}, year = {2026}, pages = {22703-22712} }"
Ma_Seeing_Through_Blur_Tackling_Defocus_in_Spike-Based_Imaging_CVPR_2026_paper,2026,0,Restoration_Enhancement,Restoration_Enhancement|Computational_Photography,14.0,0.143,Seeing Through Blur: Tackling Defocus in Spike-Based Imaging,Xiantao Ma; Siwei Dong; Lin Zhu; Lizhi Wang; Hua Huang,5,19676-19685,True,https://openaccess.thecvf.com/content/CVPR2026/papers/Ma_Seeing_Through_Blur_Tackling_Defocus_in_Spike-Based_Imaging_CVPR_2026_paper.pdf,https://openaccess.thecvf.com/content/CVPR2026/supplemental/Ma_Seeing_Through_Blur_CVPR_2026_supplemental.pdf,https://openaccess.thecvf.com/content/CVPR2026/html/Ma_Seeing_Through_Blur_Tackling_Defocus_in_Spike-Based_Imaging_CVPR_2026_paper.html,"Spike cameras are a novel class of neuromorphic vision sensors that capture scene dynamics with ultra-high temporal resolution via spike planes. While recent methods have addressed motion blur and noise in spike-based reconstruction, defocus blur caused by shallow depth of field or lens adjustment delays remains a critical yet underexplored issue in real-world applications such as autonomous driving. In this work, we present DeSpike, the first end-to-end defocus removal framework specifically designed for spike cameras. Our method begins by explicitly modeling the defocus formation process using a physics-inspired thin-lens approximation to simulate spike responses under optical blur. Guided by this formulation, DeSpike employs multi-temporal-scale integrate-and-fire (IF) neurons to compensate for FPN and extract defocus-aware features from spike streams. These features are then processed by a physics-informed deblurring module constructed from learnable discrete PSF priors. To address spatially variant blur, we introduce a Transformer-based fusion mechanism that adaptively weighs multi-scale deblurring results through attention across defocus levels. Finally, a coarse-to-fine iterative refinement stage combines spike features and PSF priors for progressive restoration. Extensive experiments on both synthetic and real-world defocused spike datasets demonstrate that our method achieves superior performance over state-of-the-art deblurring approaches in terms of structural fidelity, perceptual sharpness, and contrast, setting a new benchmark for defocus-aware spike-based image reconstruction.","@InProceedings{Ma_2026_CVPR, author = {Ma, Xiantao and Dong, Siwei and Zhu, Lin and Wang, Lizhi and Huang, Hua}, title = {Seeing Through Blur: Tackling Defocus in Spike-Based Imaging}, booktitle = {Proceedings of the IEEE/CVF Conference on Computer Vision and Pattern Recognition (CVPR)}, month = {June}, year = {2026}, pages = {19676-19685} }"
Kim_Dynamic_Exposure_Burst_Image_Restoration_CVPR_2026_paper,2026,1,Computational_Photography,Computational_Photography|Restoration_Enhancement,18.0,0.0,Dynamic Exposure Burst Image Restoration,Woohyeok Kim; Jaesung Rim; Daeyeon Kim; Sunghyun Cho,4,15550-15560,True,https://openaccess.thecvf.com/content/CVPR2026/papers/Kim_Dynamic_Exposure_Burst_Image_Restoration_CVPR_2026_paper.pdf,https://openaccess.thecvf.com/content/CVPR2026/supplemental/Kim_Dynamic_Exposure_Burst_CVPR_2026_supplemental.pdf,https://openaccess.thecvf.com/content/CVPR2026/html/Kim_Dynamic_Exposure_Burst_Image_Restoration_CVPR_2026_paper.html,"Burst image restoration aims to reconstruct a high-quality image from burst images, which are typically captured using manually designed exposure settings.Although these exposure settings significantly influence the final restoration performance, the problem of finding optimal exposure settings has been overlooked.In this paper, we present Dynamic Exposure Burst Image Restoration (DEBIR), a novel burst image restoration pipeline that enhances restoration quality by dynamically predicting exposure times tailored to the shooting environment.In our pipeline, Burst Auto-Exposure Network (BAENet) estimates the optimal exposure time for each burst image based on a preview image, as well as motion magnitude and gain.Subsequently, a burst image restoration network reconstructs a high-quality image from burst images captured using these optimal exposure times.For training, we introduce a differentiable burst simulator and a three-stage training strategy. Our experiments demonstrate that our pipeline achieves state-of-the-art restoration quality. Furthermore, we validate the effectiveness of our approach on a real-world camera system, demonstrating its practicality.","@InProceedings{Kim_2026_CVPR, author = {Kim, Woohyeok and Rim, Jaesung and Kim, Daeyeon and Cho, Sunghyun}, title = {Dynamic Exposure Burst Image Restoration}, booktitle = {Proceedings of the IEEE/CVF Conference on Computer Vision and Pattern Recognition (CVPR)}, month = {June}, year = {2026}, pages = {15550-15560} }"
Lee_ReflexSplit_Single_Image_Reflection_Separation_via_Layer_Fusion-Separation_CVPR_2026_paper,2026,1,Computational_Photography,Computational_Photography,12.0,1.0,ReflexSplit: Single Image Reflection Separation via Layer Fusion-Separation,Chia-Ming Lee; Yu-Fan Lin; Jin-Hui Jiang; Yu-Jou Hsiao; Chih-Chung Hsu; Yu-Lun Liu,6,1300-1309,True,https://openaccess.thecvf.com/content/CVPR2026/papers/Lee_ReflexSplit_Single_Image_Reflection_Separation_via_Layer_Fusion-Separation_CVPR_2026_paper.pdf,https://openaccess.thecvf.com/content/CVPR2026/supplemental/Lee_ReflexSplit_Single_Image_CVPR_2026_supplemental.pdf,https://openaccess.thecvf.com/content/CVPR2026/html/Lee_ReflexSplit_Single_Image_Reflection_Separation_via_Layer_Fusion-Separation_CVPR_2026_paper.html,"Single Image Reflection Separation (SIRS) disentangles mixed images into transmission and reflection layers. Existing methods suffer from transmission-reflection confusion under nonlinear mixing, particularly in deep decoder layers, due to implicit fusion mechanisms and inadequate multi-scale coordination. We propose ReflexSplit, a dual-stream framework with three key innovations.(1) Cross-scale Gated Fusion (CrGF) adaptively aggregates semantic priors, texture details, and decoder context across hierarchical depths, stabilizing gradient flow and maintaining feature consistency. (2) Layer Fusion-Separation Blocks (LFSB) alternate between fusion for shared structure extraction and differential separation for layer-specific disentanglement. Inspired by Differential Transformer, we extend attention cancellation to dual-stream separation via cross-stream subtraction. (3) Curriculum training progressively strengthens differential separation through depth-dependent initialization and epoch-wise warmup.Extensive experiments on synthetic and real-world benchmarks demonstrate state-of-the-art performance with superior perceptual quality and robust generalization.","@InProceedings{Lee_2026_CVPR, author = {Lee, Chia-Ming and Lin, Yu-Fan and Jiang, Jin-Hui and Hsiao, Yu-Jou and Hsu, Chih-Chung and Liu, Yu-Lun}, title = {ReflexSplit: Single Image Reflection Separation via Layer Fusion-Separation}, booktitle = {Proceedings of the IEEE/CVF Conference on Computer Vision and Pattern Recognition (CVPR)}, month = {June}, year = {2026}, pages = {1300-1309} }"
Punnappurath_Edit-aware_RAW_reconstruction_CVPR_2026_paper,2026,1,Computational_Photography,Computational_Photography,11.0,0.818,Edit-aware RAW reconstruction,Abhijith Punnappurath; Luxi Zhao; Ke Zhao; Hue Nguyen; Radek Grzeszczuk; Michael S. Brown,6,8418-8427,True,https://openaccess.thecvf.com/content/CVPR2026/papers/Punnappurath_Edit-aware_RAW_reconstruction_CVPR_2026_paper.pdf,https://openaccess.thecvf.com/content/CVPR2026/supplemental/Punnappurath_Edit-aware_RAW_reconstruction_CVPR_2026_supplemental.pdf,https://openaccess.thecvf.com/content/CVPR2026/html/Punnappurath_Edit-aware_RAW_reconstruction_CVPR_2026_paper.html,"Users frequently edit camera images post-capture to achieve their preferred photofinishing style. While editing in the RAW domain provides greater accuracy and flexibility, most edits are performed on the camera's display-referred output (e.g., 8-bit sRGB JPEG) since RAW images are rarely stored. Existing RAW reconstruction methods can recover RAW data from sRGB images, but these approaches are typically optimized for pixel-wise RAW reconstruction fidelity and tend to degrade under diverse rendering styles and editing operations. We introduce a plug-and-play, edit-aware loss function that can be integrated into any existing RAW reconstruction framework to make the recovered RAWs more robust to different rendering styles and edits. Our loss formulation incorporates a modular, differentiable image signal processor (ISP) that simulates realistic photofinishing pipelines with tunable parameters. During training, parameters for each ISP module are randomly sampled from carefully designed distributions that model practical variations in real camera processing. The loss is then computed in sRGB space between ground-truth and reconstructed RAWs rendered through this differentiable ISP. Incorporating our loss improves sRGB reconstruction quality by up to 1.5-2 dB PSNR across various editing conditions. Moreover, when applied to metadata-assisted RAW reconstruction methods, our approach enables fine-tuning for target edits, yielding further gains. Since photographic editing is the primary motivation for RAW reconstruction in consumer imaging, our simple yet effective loss function provides a general mechanism for enhancing edit fidelity and rendering flexibility across existing methods.","@InProceedings{Punnappurath_2026_CVPR, author = {Punnappurath, Abhijith and Zhao, Luxi and Zhao, Ke and Nguyen, Hue and Grzeszczuk, Radek and Brown, Michael S.}, title = {Edit-aware RAW reconstruction}, booktitle = {Proceedings of the IEEE/CVF Conference on Computer Vision and Pattern Recognition (CVPR)}, month = {June}, year = {2026}, pages = {8418-8427} }"
Shang_Human-Centric_Multi-Exposure_Fusion_Benchmark_and_Bi-level_Cognition_Distillation_Framework_CVPR_2026_paper,2026,1,Computational_Photography,Computational_Photography,15.0,0.867,Human-Centric Multi-Exposure Fusion: Benchmark and Bi-level Cognition Distillation Framework,Jingjie Shang; Tengyu Ma; Heng Zhang; Jinyuan Liu; Risheng Liu; Yuan Wang; Xiaochen Bo,7,26572-26581,True,https://openaccess.thecvf.com/content/CVPR2026/papers/Shang_Human-Centric_Multi-Exposure_Fusion_Benchmark_and_Bi-level_Cognition_Distillation_Framework_CVPR_2026_paper.pdf,https://openaccess.thecvf.com/content/CVPR2026/supplemental/Shang_Human-Centric_Multi-Exposure_Fusion_CVPR_2026_supplemental.pdf,https://openaccess.thecvf.com/content/CVPR2026/html/Shang_Human-Centric_Multi-Exposure_Fusion_Benchmark_and_Bi-level_Cognition_Distillation_Framework_CVPR_2026_paper.html,"Multi-Exposure Fusion (MEF) seeks to generate a single high-quality image from multiple inputs captured at different exposure levels. Despite substantial progress, most existing approaches depend on statistical metrics that poorly reflect human perceptual preferences. Electroencephalography (EEG) provides a direct physiological window into human cognition, yet its use in low-level vision remains limited due to scarce paired data and the absence of bio-signals during inference. We address these challenges through two key contributions. First, we introduce Cog-Expo, the first dataset capturing human cognitive responses to multi-exposure stimuli, establishing a bridge between neuroscience and computational photography. Second, we propose a bi-level coupled learning framework that leverages this cognitive information without requiring it during inference. A Mental Integrated Transformer serves as the Teacher, incorporating cognitive priors to guide visual feature learning, while a lightweight Student is trained to approximate these cues using only image inputs. Through bi-level optimization, the Teacher learns inherently distillable representations, enabling the Student to emulate cognitive guidance efficiently. Extensive experiments confirm that our method achieves state-of-the-art fusion performance and aligns more closely with human perception.","@InProceedings{Shang_2026_CVPR, author = {Shang, Jingjie and Ma, Tengyu and Zhang, Heng and Liu, Jinyuan and Liu, Risheng and Wang, Yuan and Bo, Xiaochen}, title = {Human-Centric Multi-Exposure Fusion: Benchmark and Bi-level Cognition Distillation Framework}, booktitle = {Proceedings of the IEEE/CVF Conference on Computer Vision and Pattern Recognition (CVPR)}, month = {June}, year = {2026}, pages = {26572-26581} }"
